Vrange,Number of Links,Observed VMT,Model VMT,Percent Diff
Total,27163,150847275.14020288,152651393.91649973,0.011959902985453607
