Index,Drive_alone_free,Shared_ride_2_free,Shared_ride_3plus_free,Walk,Transit,School_bus,Bike,Drive_alone_pay,Shared_ride_2plus_pay,Taxi
Modeled,12708320,5663205,5159155,4358370,1588370,878180,325385,262355,104270,96205
Observed,13410725.72,6540902.708,5500884.687,3218235.872,1525503.383,753390.7239,274810.5731,389805.4666,63865.57871,70084.14831
