Index,Drive_alone_free,Shared_ride_2_free,Shared_ride_3plus_free,Walk,Walk_to_transit,School_bus,Bike,Drive_alone_pay,Drive_to_transit,Shared_ride_2plus_pay,Taxi
Modeled,13036135,5876675,5423640,3390435,1496345,877930,348510,320830,174540,166490,110935
Observed,13410725.72,6540902.708,5500884.687,3218235.872,1348049.154,753390.7239,274810.5731,389805.4666,177454.2289,63865.57871,70084.14831
