County,Modeled Share,Observed Share,Model,Observed
Cook,0.499919975,0.535271296,83625421.82,85637216.86
DuPage,0.15379433,0.145271127,25726348.94,23241700.17
Kane,0.072210502,0.066049397,12079200.61,10567139.68
Kendall,0.018220029,0.013567652,3047803.09,2170667.41
Lake,0.108048995,0.097631538,18074178.38,15619917.03
McHenry,0.041171073,0.039876181,6886998.92,6379727.79
Will,0.106635095,0.102332809,17837664.5,16372065.94
TOTAL,1,1,167277616.3,159988434.9
