Index,Boardings
BNSF,39844.36925
ME,75008.04247
HC,13656.46491
MD-N,14654.33671
MD-W,9780.655804
NCS,3171.495874
RI,33222.4461
SWS,10025.42693
UP-N,65080.37696
UP-NW,41773.94723
UP-W,10089.59222
Blue Line,234014.9433
Brown Line,76141.26227
Green Line,50090.9476
Orange Line,44209.02913
Pink Line,27861.22406
Purple Line,7480.365033
Red Line,352785.658
Yellow Line,4905
