group,model,survey
Part-time worker,1.481086802,1.354266629
Driving age student,1.461377118,1.210469766
University student,1.37569133,1.203452343
Full-time worker,1.317345608,1.2230859
Non-driving student,1.289468781,0.946438736
Non-working adult,1.156237412,1.033798155
Pre-school,1.094514975,0.59463199
Non-working senior,0.949844915,0.817275934