Volume Range,Number of Links,Observed VMT,Model VMT,Percent Diff
0 - 4999,10001,15815229.67,22073523.14,0.395713095
5000 - 9999,7488,25525780.92,27080395.87,0.060903718
10000 - 14999,3654,19992728.62,20354086.18,0.018074449
15000 - 19999,1425,12500878.82,12961110.36,0.036815935
20000 - 29999,591,6359047.203,6971954.617,0.09638353
30000 - 49999,321,8908729.376,8892132.351,-0.001863007
50000 - 59999,166,6359587.432,5395335.547,-0.151621767
60000 and up,723,31871918.66,25849462.29,-0.188958074
Total,24369,127333900.7,129578000.4,0.017623741
