Vrange,Number of Links,Observed VMT,Model VMT,Percent Diff
0,21078,50445755.75,59719874.03,0.183843381
10000,4729,29257534.46,27650139.55,-0.05493952
20000,318,2866688.735,2684512.618,-0.063549319
30000,39,401245.7477,186503.7598,-0.535188196
Total,26164,82971224.69,90241029.96,0.087618392
