Vrange,Number of Links,Observed VMT,Model VMT,Percent Diff
0 - 4999,9999,15814599.63,22073290.48,0.395753987
5000 - 9999,7489,25527367.95,27093313.33,0.061343785
10000 - 14999,3654,19992728.62,20354086.18,0.018074449
15000 - 19999,1425,12500878.82,12961110.36,0.036815935
20000 - 29999,585,6336867.003,6902753.159,0.089300621
30000 - 49999,306,8842963.615,8869158.922,0.002962277
50000 - 59999,166,6349639.113,5385186.943,-0.151890864
60000 and up,723,31823448.62,25842605.11,-0.187938258
Total,24347,127188493.4,129481504.5,0.018028448
