Volume Range,Links,AADT,Model Volumes,RMSE,%RMSE,Target,Weight (Miles)
0 - 4999,10001,2609.476759,3642.080883,2343.110516,0.897923504,1,5743.821082
5000 - 9999,7488,7134.909529,7569.452044,2922.156949,0.409557674,0.45,2644.755888
10000 - 14999,3654,12171.91082,12391.9114,4093.566992,0.336312601,0.35,1171.777091
15000 - 19999,1425,17136.93346,17767.84568,6501.880128,0.379407444,0.3,906.8281124
20000 - 29999,591,23552.899,25823.01054,7434.692417,0.315659334,0.27,254.8237014
30000 - 49999,321,38510.91277,38439.16667,11355.09072,0.294853845,0.25,380.6574873
50000 - 59999,166,55104.30169,46749.29009,12966.36191,0.235305802,0.2,165.2492977
60000 and up,723,78475.20225,63646.67918,19581.87073,0.249529408,0.19,476.4082006
